{"cameraMode":{"drawMode":0,"name":"Shaded","section":"Shading Mode"},"sceneLighting":true,"audioPlay":false,"sceneViewState":{"m_AlwaysRefresh":false,"showFog":true,"showSkybox":true,"showFlares":true,"showImageEffects":true,"showParticleSystems":true,"showVisualEffectGraphs":true,"m_FxEnabled":true},"in2DMode":false,"pivot":{"x":4.979637622833252,"y":0.551040768623352,"z":-0.7321591377258301},"rotation":{"x":0.006898464169353247,"y":-0.9931292533874512,"z":0.0709640234708786,"w":0.09997622668743134},"size":4.1716790199279789,"orthographic":true}