{"cameraMode":{"drawMode":0,"name":"Shaded","section":"Shading Mode"},"sceneLighting":true,"audioPlay":false,"sceneViewState":{"m_AlwaysRefresh":false,"showFog":true,"showSkybox":true,"showFlares":true,"showImageEffects":true,"showParticleSystems":true,"showVisualEffectGraphs":true,"m_FxEnabled":true},"in2DMode":false,"pivot":{"x":8.07486629486084,"y":-0.2771793603897095,"z":-0.14120078086853028},"rotation":{"x":0.030985292047262193,"y":-0.5983508229255676,"z":0.025080284103751184,"w":0.8013560771942139},"size":4.786370277404785,"orthographic":true}